nPar,nB,nT,curTask,curDur,rpr,flw,curPreCueDur,preTask,preDur
2,1,1,reproduction,1.3,0.9526906000000964,0.0,,,
2,1,2,reproduction,0.8,0.7528430000002118,0.0,,reproduction,1.3
2,1,3,reproduction,0.9,0.4351659000003565,0.0,,reproduction,0.8
2,1,4,reproduction,1.1,0.5998991000005844,0.0,,reproduction,0.9
2,1,5,reproduction,0.9,0.5292572000007567,0.0,,reproduction,1.1
2,1,6,reproduction,0.8,0.7292302999994718,0.0,,reproduction,0.9
2,1,7,reproduction,1.2,1.011493999999402,0.0,,reproduction,0.8
2,1,8,reproduction,1.2,1.129094700000678,0.0,,reproduction,1.2
2,1,9,following,1.2,0.0,1.1172861999993984,1.1,reproduction,1.2
2,1,10,reproduction,1.4,1.117321400000037,0.0,,following,1.2
2,1,11,following,1.1,0.0,0.7998057999993762,1.3,reproduction,1.4
2,1,12,reproduction,1.2,1.1643426000000543,0.0,,following,1.1
2,1,13,reproduction,1.2,1.2114791000003606,0.0,,reproduction,1.2
2,1,14,following,1.4,0.0,1.2702330000001891,1.4,reproduction,1.2
2,1,15,reproduction,1.0,0.917414500000632,0.0,,following,1.4
2,1,16,reproduction,1.3,0.8585936999998012,0.0,,reproduction,1.0
2,1,17,reproduction,1.0,1.04680449999978,0.0,,reproduction,1.3
2,1,18,following,0.9,0.0,0.9055736000000252,1.2,reproduction,1.0
2,1,19,following,1.1,0.0,1.0467408999993495,0.8,following,0.9
2,1,20,following,1.4,0.0,1.0819885000000795,0.8,following,1.1
2,1,21,following,1.4,0.0,1.0937026000001424,1.1,following,1.4
2,1,22,following,1.1,0.0,0.7644093999997494,1.3,following,1.4
2,1,23,following,1.3,0.0,1.5759619999998904,1.0,following,1.1
2,1,24,following,1.3,0.0,1.3760376999998698,1.4,following,1.3
2,1,25,reproduction,1.4,0.9291704999996,0.0,,following,1.3
2,1,26,reproduction,1.4,1.2702429000000848,0.0,,reproduction,1.4
2,1,27,following,1.4,0.0,1.328990099999828,1.4,reproduction,1.4
2,1,28,following,0.9,0.0,0.8820838000001459,1.0,following,1.4
2,1,29,following,1.1,0.0,0.9173713000000134,0.9,following,0.9
2,1,30,following,1.3,0.0,0.964440800000375,0.8,following,1.1
2,1,31,reproduction,1.0,0.8468503000003693,0.0,,following,1.3
2,1,32,following,1.1,0.0,1.1996431999996275,1.0,reproduction,1.0
2,1,33,following,1.4,0.0,1.4466048000003866,1.4,following,1.1
2,1,34,following,1.1,0.0,1.305525900000248,1.2,following,1.4
2,1,35,following,0.9,0.0,1.1525815000004511,0.9,following,1.1
2,1,36,following,0.8,0.0,1.082043899999917,1.0,following,0.9
2,1,37,reproduction,1.1,0.8350735000003624,0.0,,following,0.8
2,1,38,following,0.8,0.0,0.9996851000005336,0.8,reproduction,1.1
2,1,39,reproduction,1.3,1.0114916000002268,0.0,,following,0.8
2,1,40,following,1.1,0.0,1.1172601999996914,0.9,reproduction,1.3
2,1,41,reproduction,0.9,0.341093400000318,0.0,,following,1.1
2,1,42,following,0.9,0.0,0.7997517000003427,1.2,reproduction,0.9
2,1,43,reproduction,0.8,0.5528545999995913,0.0,,following,0.9
2,1,44,following,1.3,0.0,1.2231575999994675,1.2,reproduction,0.8
2,1,45,reproduction,1.4,1.211484499999642,0.0,,following,1.3
2,1,46,reproduction,1.0,1.070299299999533,0.0,,reproduction,1.4
2,1,47,reproduction,0.9,1.0585506999996142,0.0,,reproduction,1.0
2,1,48,reproduction,0.8,0.4470134000002872,0.0,,reproduction,0.9
2,1,49,reproduction,1.1,0.98799389999931,0.0,,reproduction,0.8
2,1,50,reproduction,1.3,1.4701871999996,0.0,,reproduction,1.1
2,1,51,following,1.1,0.0,1.1525962000005163,1.3,reproduction,1.3
2,1,52,following,1.2,0.0,1.1408332000000885,1.3,following,1.1
2,1,53,following,1.1,0.0,1.1055482000001575,1.1,following,1.2
2,1,54,following,0.9,0.0,1.1167625999996744,1.1,following,1.1
2,1,55,reproduction,1.1,1.1290463999994245,0.0,,following,0.9
2,1,56,following,1.1,0.0,1.1760911999999737,0.9,reproduction,1.1
2,2,1,following,1.4,0.0,1.387786999999662,1.4,,
2,2,2,following,0.9,0.0,1.1995750999994923,0.8,following,1.4
2,2,3,reproduction,1.1,0.8232926999999108,0.0,,following,0.9
2,2,4,following,1.1,0.0,1.0937822000005326,0.8,reproduction,1.1
2,2,5,following,1.4,0.0,1.411324699999568,1.2,following,1.1
2,2,6,reproduction,1.3,1.3996188999999504,0.0,,following,1.4
2,2,7,following,1.2,0.0,1.2584469999992507,1.1,reproduction,1.3
2,2,8,following,1.1,0.0,1.1643450999999914,1.3,following,1.2
2,2,9,reproduction,0.8,0.5763357000005271,0.0,,following,1.1
2,2,10,following,1.0,0.0,0.9761447999999292,1.0,reproduction,0.8
2,2,11,following,1.0,0.0,1.046752999999626,1.0,following,1.0
2,2,12,reproduction,1.3,1.199677999999949,0.0,,following,1.0
2,2,13,reproduction,1.0,1.0938397999998417,0.0,,reproduction,1.3
2,2,14,following,1.3,0.0,1.2937235999997938,1.2,reproduction,1.0
2,2,15,reproduction,0.9,0.6821483999992779,0.0,,following,1.3
2,2,16,reproduction,1.3,1.035044499999458,0.0,,reproduction,0.9
2,2,17,following,1.4,0.0,1.3290135999995982,1.1,reproduction,1.3
2,2,18,reproduction,1.3,1.0703229000000647,0.0,,following,1.4
2,2,19,reproduction,1.0,0.8821366000001944,0.0,,reproduction,1.3
2,2,20,reproduction,1.4,1.2937311999994563,0.0,,reproduction,1.0
2,2,21,following,1.2,0.0,1.5642320000006291,1.1,reproduction,1.4
2,2,22,following,0.9,0.0,0.9643685999999434,1.4,following,1.2
2,2,23,following,1.2,0.0,0.9525501999996776,0.9,following,0.9
2,2,24,following,0.9,0.0,0.8703493999992133,1.2,following,1.2
2,2,25,following,1.3,0.0,1.3407539999998337,0.8,following,0.9
2,2,26,reproduction,1.4,1.2231877000003806,0.0,,following,1.3
2,2,27,following,1.1,0.0,1.4936365000003209,1.3,reproduction,1.4
2,2,28,following,1.4,0.0,1.51712950000001,1.1,following,1.1
2,2,29,reproduction,1.2,1.3643422000004648,0.0,,following,1.4
2,2,30,reproduction,0.9,0.7998187000002872,0.0,,reproduction,1.2
2,2,31,reproduction,1.2,0.870363100000759,0.0,,reproduction,0.9
2,2,32,reproduction,0.8,0.952567899999849,0.0,,reproduction,1.2
2,2,33,reproduction,0.9,0.8468539000004967,0.0,,reproduction,0.8
2,2,34,reproduction,1.0,0.482222599999659,0.0,,reproduction,0.9
2,2,35,reproduction,0.8,0.7527193000005354,0.0,,reproduction,1.0
2,2,36,following,1.2,0.0,1.8229628000008231,1.4,reproduction,0.8
2,2,37,reproduction,1.2,1.3055021000000124,0.0,,following,1.2
2,2,38,reproduction,1.2,1.246711000000687,0.0,,reproduction,1.2
2,2,39,following,1.3,0.0,1.4583278000000064,0.8,reproduction,1.2
2,2,40,following,1.3,0.0,1.293757899999946,1.3,following,1.3
2,2,41,reproduction,1.1,1.1996558999999252,0.0,,following,1.3
2,2,42,following,1.2,0.0,1.5524218000000474,1.0,reproduction,1.1
2,2,43,reproduction,1.0,0.9173702999996748,0.0,,following,1.2
2,2,44,following,1.1,0.0,1.140830199999982,0.9,reproduction,1.0
2,2,45,following,1.0,0.0,1.7054275000000416,0.9,following,1.1
2,2,46,following,1.2,0.0,1.246688400000494,1.4,following,1.0
2,2,47,reproduction,1.4,0.9879428999993252,0.0,,following,1.2
2,2,48,following,1.1,0.0,1.2584492999994836,0.9,reproduction,1.4
2,2,49,reproduction,1.4,0.7881181000002471,0.0,,following,1.1
2,2,50,reproduction,0.8,1.046798200000012,0.0,,reproduction,1.4
2,2,51,following,1.3,0.0,1.270183700000416,1.2,reproduction,0.8
2,2,52,reproduction,1.1,1.3290199999992185,0.0,,following,1.3
2,2,53,reproduction,0.9,1.1402468999995108,0.0,,reproduction,1.1
2,2,54,following,1.3,0.0,1.211340900000323,1.3,reproduction,0.9
2,2,55,following,1.2,0.0,1.9405963999997768,1.0,following,1.3
2,2,56,reproduction,1.1,1.258452799999759,0.0,,following,1.2
2,3,1,following,0.9,0.0,0.9878825000005236,1.0,,
2,3,2,reproduction,1.0,1.0585399999999936,0.0,,following,0.9
2,3,3,reproduction,1.2,0.9879580999995596,0.0,,reproduction,1.0
2,3,4,reproduction,0.9,0.8115628000005017,0.0,,reproduction,1.2
2,3,5,reproduction,1.2,1.1996718999998848,0.0,,reproduction,0.9
2,3,6,following,1.1,0.0,1.3172223000001395,1.4,reproduction,1.2
2,3,7,following,1.2,0.0,1.3172214999995049,1.2,following,1.1
2,3,8,following,0.9,0.0,1.2937015000006795,0.9,following,1.2
2,3,9,reproduction,1.1,0.788018799999918,0.0,,following,0.9
2,3,10,following,1.0,0.0,1.0467422000001534,0.8,reproduction,1.1
2,3,11,following,1.1,0.0,1.5642310000002908,1.2,following,1.0
2,3,12,following,0.8,0.0,0.8468386000004102,1.0,following,1.1
2,3,13,following,1.3,0.0,1.281946600000083,0.9,following,0.8
2,3,14,following,1.2,0.0,1.12908090000019,1.0,following,1.3
2,3,15,reproduction,1.3,1.0703075999999785,0.0,,following,1.2
2,3,16,following,1.2,0.0,1.1525755999991816,1.2,reproduction,1.3
2,3,17,reproduction,1.3,1.1879243000003044,0.0,,following,1.2
2,3,18,reproduction,1.4,1.4584439000000202,0.0,,reproduction,1.3
2,3,19,reproduction,0.8,0.905709399999978,0.0,,reproduction,1.4
2,3,20,following,0.8,0.0,0.7409725999996226,1.3,reproduction,0.8
2,3,21,reproduction,1.2,1.0584593000003224,0.0,,following,0.8
2,3,22,reproduction,1.2,0.8703384000000369,0.0,,reproduction,1.2
2,3,23,following,1.0,0.0,0.7762337999993179,1.4,reproduction,1.2
2,3,24,following,1.0,0.0,1.1055897000005643,1.1,following,1.0
2,3,25,following,0.8,0.0,0.717453199999909,1.1,following,1.0
2,3,26,following,0.9,0.0,0.9290665999997144,1.3,following,0.8
2,3,27,reproduction,1.0,1.2821500999998534,0.0,,following,0.9
2,3,28,following,1.2,0.0,1.2819818999996642,0.9,reproduction,1.0
2,3,29,following,1.0,0.0,1.634798499999306,1.0,following,1.2
2,3,30,reproduction,1.4,0.8469303000001673,0.0,,following,1.0
2,3,31,following,1.2,0.0,1.1290172999997594,1.2,reproduction,1.4
2,3,32,reproduction,1.1,0.740961999999854,0.0,,following,1.2
2,3,33,reproduction,0.9,1.223196700000699,0.0,,reproduction,1.1
2,3,34,reproduction,1.3,1.3996311000000787,0.0,,reproduction,0.9
2,3,35,following,0.8,0.0,1.3054653999997754,1.3,reproduction,1.3
2,3,36,reproduction,0.8,1.129115400000046,0.0,,following,0.8
2,3,37,reproduction,1.4,1.552469199999905,0.0,,reproduction,0.8
2,3,38,following,0.9,0.0,1.575993099999323,1.3,reproduction,1.4
2,3,39,following,1.1,0.0,1.2349429999994754,1.4,following,0.9
2,3,40,reproduction,1.4,1.4349790000005669,0.0,,following,1.1
2,3,41,following,0.9,0.0,1.082044499999938,0.8,reproduction,1.4
2,3,42,reproduction,0.8,0.752725599999394,0.0,,following,0.9
2,3,43,reproduction,1.0,0.9644573999994464,0.0,,reproduction,0.8
2,3,44,following,1.1,0.0,1.1642709000007017,0.8,reproduction,1.0
2,3,45,following,1.3,0.0,1.3525195000001986,0.9,following,1.1
2,3,46,following,1.0,0.0,1.176104299999679,0.8,following,1.3
2,3,47,reproduction,1.1,1.470103300000119,0.0,,following,1.0
2,3,48,reproduction,1.1,1.3996085999997376,0.0,,reproduction,1.1
2,3,49,following,0.8,0.0,1.1761083999999755,1.4,reproduction,1.1
2,3,50,following,1.2,0.0,0.9879128000002312,1.1,following,0.8
2,3,51,reproduction,1.0,1.0585494000006292,0.0,,following,1.2
2,3,52,reproduction,1.3,0.9762024000001476,0.0,,reproduction,1.0
2,3,53,reproduction,0.9,1.246715999999651,0.0,,reproduction,1.3
2,3,54,reproduction,0.9,1.399602600000435,0.0,,reproduction,0.9
2,3,55,following,0.8,0.0,1.1407868000005692,1.1,reproduction,0.9
2,3,56,reproduction,0.8,0.7762892000000647,0.0,,following,0.8
2,4,1,following,1.3,0.0,1.493647000000237,1.1,,
2,4,2,following,1.4,0.0,1.528938399999788,1.4,following,1.3
2,4,3,reproduction,0.8,1.0232746000001498,0.0,,following,1.4
2,4,4,reproduction,1.1,0.8585179000001517,0.0,,reproduction,0.8
2,4,5,following,1.2,0.0,1.1996141999998144,1.0,reproduction,1.1
2,4,6,following,1.4,0.0,1.6936242000001585,1.2,following,1.2
2,4,7,reproduction,1.2,1.199700799999846,0.0,,following,1.4
2,4,8,reproduction,1.2,0.8351499000000331,0.0,,reproduction,1.2
2,4,9,following,0.8,0.0,0.7292224000002534,0.9,reproduction,1.2
2,4,10,following,0.9,0.0,1.1996073000000251,1.0,following,0.8
2,4,11,following,0.9,0.0,1.0114452000007077,1.4,following,0.9
2,4,12,reproduction,1.0,1.1055844000002253,0.0,,following,0.9
2,4,13,reproduction,0.8,0.9056049999999232,0.0,,reproduction,1.0
2,4,14,following,0.8,0.0,0.3410512000000381,0.8,reproduction,0.8
2,4,15,following,1.1,0.0,1.281913199999508,1.2,following,0.8
2,4,16,following,1.2,0.0,0.8467919000004258,1.3,following,1.1
2,4,17,reproduction,1.3,1.858277899999848,0.0,,following,1.2
2,4,18,following,1.0,0.0,1.034972100000232,1.4,reproduction,1.3
2,4,19,following,1.4,0.0,1.423052799999823,1.1,following,1.0
2,4,20,reproduction,1.0,1.1878736999997273,0.0,,following,1.4
2,4,21,reproduction,0.9,1.4466349999993326,0.0,,reproduction,1.0
2,4,22,reproduction,0.8,1.3524487000004228,0.0,,reproduction,0.9
2,4,23,reproduction,1.4,1.481815999999526,0.0,,reproduction,0.8
2,4,24,following,0.8,0.0,1.1055365000001984,1.1,reproduction,1.4
2,4,25,reproduction,1.4,1.8935547999999471,0.0,,following,0.8
2,4,26,reproduction,1.4,1.4114103000001703,0.0,,reproduction,1.4
2,4,27,reproduction,1.3,1.7759901999997965,0.0,,reproduction,1.4
2,4,28,following,0.9,0.0,1.1878716000001075,1.0,reproduction,1.3
2,4,29,following,1.4,0.0,1.5407138999999006,0.8,following,0.9
2,4,30,following,1.1,0.0,1.152592200000072,1.1,following,1.4
2,4,31,following,1.0,0.0,1.3054926000004343,1.3,following,1.1
2,4,32,reproduction,0.9,0.8821377000003849,0.0,,following,1.0
2,4,33,reproduction,1.1,1.0820450999999591,0.0,,reproduction,0.9
2,4,34,reproduction,1.0,1.2584643000000142,0.0,,reproduction,1.1
2,4,35,reproduction,1.0,1.552515699999276,0.0,,reproduction,1.0
2,4,36,following,1.3,0.0,1.446617900000092,0.8,reproduction,1.0
2,4,37,reproduction,1.1,0.9644393999997192,0.0,,following,1.3
2,4,38,following,1.3,0.0,0.9761522999997396,1.3,reproduction,1.1
2,4,39,reproduction,0.9,1.1173306000000591,0.0,,following,1.3
2,4,40,reproduction,1.4,1.176150699999198,0.0,,reproduction,0.9
2,4,41,reproduction,1.2,1.3766069000002972,0.0,,reproduction,1.4
2,4,42,following,1.3,0.0,1.6345636999994897,1.2,reproduction,1.2
2,4,43,following,1.2,0.0,1.4701827999997477,1.4,following,1.3
2,4,44,reproduction,1.2,1.2465372999995452,0.0,,following,1.2
2,4,45,following,1.1,0.0,1.3289623000000574,0.9,reproduction,1.2
2,4,46,following,1.1,0.0,1.234881100000166,0.9,following,1.1
2,4,47,following,1.4,0.0,0.7409052000002703,1.2,following,1.1
2,4,48,following,1.0,0.0,1.752374200000304,0.9,following,1.4
2,4,49,reproduction,0.9,0.5999345000000176,0.0,,following,1.0
2,4,50,following,1.2,0.0,1.3760649000005287,1.0,reproduction,0.9
2,4,51,reproduction,1.3,1.4466512999997576,0.0,,following,1.2
2,4,52,reproduction,0.8,0.9762222999997904,0.0,,reproduction,1.3
2,4,53,following,0.9,0.0,0.8820970999995552,0.8,reproduction,0.8
2,4,54,reproduction,1.3,1.152639399999316,0.0,,following,0.9
2,4,55,reproduction,1.1,1.1761357999994289,0.0,,reproduction,1.3
2,4,56,following,1.3,0.0,1.5760075999996843,1.3,reproduction,1.1
2,5,1,following,0.8,0.0,0.9879423000002134,1.4,,
2,5,2,reproduction,1.1,0.8820464000000356,0.0,,following,0.8
2,5,3,reproduction,1.3,1.4231289999997898,0.0,,reproduction,1.1
2,5,4,following,1.1,0.0,1.2231681000002936,1.0,reproduction,1.3
2,5,5,reproduction,1.1,1.8230024999993475,0.0,,following,1.1
2,5,6,following,0.8,0.0,1.7759226999996829,1.2,reproduction,1.1
2,5,7,reproduction,1.3,1.376064699999915,0.0,,following,0.8
2,5,8,following,1.4,0.0,1.5406566999999995,1.3,reproduction,1.3
2,5,9,reproduction,1.3,1.646647600000506,0.0,,following,1.4
2,5,10,following,0.8,0.0,0.9173995000001014,1.0,reproduction,1.3
2,5,11,reproduction,1.2,0.9174071000006734,0.0,,following,0.8
2,5,12,reproduction,1.4,1.317264299999806,0.0,,reproduction,1.2
2,5,13,reproduction,0.9,0.987904599999638,0.0,,reproduction,1.4
2,5,14,following,1.4,0.0,1.68180940000002,0.8,reproduction,0.9
2,5,15,reproduction,0.9,0.3528337000007013,0.0,,following,1.4
2,5,16,reproduction,0.8,0.5057296000004499,0.0,,reproduction,0.9
2,5,17,reproduction,1.3,1.552566499999557,0.0,,reproduction,0.8
2,5,18,reproduction,0.8,0.9879862000007053,0.0,,reproduction,1.3
2,5,19,reproduction,1.2,1.0938366000000317,0.0,,reproduction,0.8
2,5,20,following,0.8,0.0,0.8349891999996544,1.3,reproduction,1.2
2,5,21,following,0.9,0.0,0.9879283000000214,1.1,following,0.8
2,5,22,following,0.8,0.0,0.8815267999998468,0.9,following,0.9
2,5,23,following,0.8,0.0,0.929118500000186,0.9,following,0.8
2,5,24,following,1.1,0.0,0.6115685000004305,0.8,following,0.8
2,5,25,reproduction,0.8,0.4821884000002683,0.0,,following,1.1
2,5,26,reproduction,1.1,1.1643410999995467,0.0,,reproduction,0.8
2,5,27,following,1.2,0.0,1.2231453999993391,1.0,reproduction,1.1
2,5,28,following,0.9,0.0,1.2819891999997708,0.9,following,1.2
2,5,29,following,1.2,0.0,1.046638200000416,1.2,following,0.9
2,5,30,following,0.9,0.0,0.976164400000016,1.3,following,1.2
2,5,31,following,1.2,0.0,1.8817878999998356,1.1,following,0.9
2,5,32,reproduction,1.0,0.7880542000002606,0.0,,following,1.2
2,5,33,following,1.3,0.0,1.211396299999251,1.1,reproduction,1.0
2,5,34,following,0.8,0.0,0.9996954999996888,0.8,following,1.3
2,5,35,reproduction,1.4,0.4704220000003261,0.0,,following,0.8
2,5,36,reproduction,0.9,0.7292080000006536,0.0,,reproduction,1.4
2,5,37,following,1.2,0.0,1.246734700000161,1.3,reproduction,0.9
2,5,38,reproduction,1.4,1.470198199999686,0.0,,following,1.2
2,5,39,following,0.9,0.0,0.7998025000006237,1.1,reproduction,1.4
2,5,40,following,1.4,0.0,1.2819698000002973,1.4,following,0.9
2,5,41,reproduction,1.0,1.0233132000003025,0.0,,following,1.4
2,5,42,following,1.0,0.0,1.2701962999999523,1.4,reproduction,1.0
2,5,43,following,0.9,0.0,1.0232230999999956,1.2,following,1.0
2,5,44,following,1.2,0.0,1.1761387000005925,0.8,following,0.9
2,5,45,reproduction,0.9,0.8584954999996626,0.0,,following,1.2
2,5,46,reproduction,1.2,1.1643852000006518,0.0,,reproduction,0.9
2,5,47,following,0.8,0.0,0.6938896999999997,1.2,reproduction,1.2
2,5,48,following,1.1,0.0,1.1996337999999014,0.9,following,0.8
2,5,49,reproduction,1.4,1.352597500000229,0.0,,following,1.1
2,5,50,reproduction,1.2,1.3760989000002155,0.0,,reproduction,1.4
2,5,51,following,1.1,0.0,0.9878797000001214,1.0,reproduction,1.2
2,5,52,reproduction,1.0,1.187904399999752,0.0,,following,1.1
2,5,53,reproduction,1.1,1.0821286000000327,0.0,,reproduction,1.0
2,5,54,reproduction,1.0,1.411395399999492,0.0,,reproduction,1.1
2,5,55,reproduction,0.8,1.1055759999999282,0.0,,reproduction,1.0
2,5,56,following,1.1,0.0,1.2349395999999615,1.4,reproduction,0.8
2,6,1,following,0.9,0.0,1.0585037999999258,1.3,,
2,6,2,following,1.4,0.0,1.423091999999997,1.4,following,0.9
2,6,3,following,0.9,0.0,1.0702558000002682,1.3,following,1.4
2,6,4,reproduction,1.1,1.3643032999998468,0.0,,following,0.9
2,6,5,following,1.3,0.0,1.423069100000248,0.8,reproduction,1.1
2,6,6,reproduction,0.8,0.7057030000005398,0.0,,following,1.3
2,6,7,reproduction,1.3,1.046794599999885,0.0,,reproduction,0.8
2,6,8,following,1.3,0.0,1.4701480000003355,1.3,reproduction,1.3
2,6,9,reproduction,1.2,1.4113568000002488,0.0,,following,1.3
2,6,10,reproduction,0.8,0.4233556999997745,0.0,,reproduction,1.2
2,6,11,following,1.3,0.0,1.0467509000000064,1.0,reproduction,0.8
2,6,12,following,0.9,0.0,1.329007999999703,1.2,following,1.3
2,6,13,following,1.2,0.0,1.5053873000006206,1.1,following,0.9
2,6,14,reproduction,1.3,0.9874311000003216,0.0,,following,1.2
2,6,15,reproduction,1.1,0.8582606999998461,0.0,,reproduction,1.3
2,6,16,reproduction,1.2,1.623099600000387,0.0,,reproduction,1.1
2,6,17,following,1.3,0.0,1.199621599999773,0.9,reproduction,1.2
2,6,18,following,0.8,0.0,0.8232682999996541,0.8,following,1.3
2,6,19,following,1.4,0.0,1.187827599999764,1.2,following,0.8
2,6,20,reproduction,1.1,1.1996878999998444,0.0,,following,1.4
2,6,21,following,1.3,0.0,1.411333399999421,1.0,reproduction,1.1
2,6,22,following,1.1,0.0,1.2818377000003238,1.0,following,1.3
2,6,23,reproduction,1.4,0.8938827000001766,0.0,,following,1.1
2,6,24,following,0.8,0.0,0.5645174000001134,1.2,reproduction,1.4
2,6,25,following,0.8,0.0,1.129092000000128,1.1,following,0.8
2,6,26,following,1.2,0.0,0.9173179999997956,1.4,following,0.8
2,6,27,following,0.9,0.0,0.1411209999996572,0.9,following,1.2
2,6,28,following,1.1,0.0,1.1996232999999847,0.8,following,0.9
2,6,29,reproduction,1.4,1.0467702000005374,0.0,,following,1.1
2,6,30,reproduction,1.4,1.446638499999608,0.0,,reproduction,1.4
2,6,31,reproduction,0.9,1.3760434999994686,0.0,,reproduction,1.4
2,6,32,reproduction,0.9,1.211443899999722,0.0,,reproduction,0.9
2,6,33,reproduction,1.0,0.9409615999993548,0.0,,reproduction,0.9
2,6,34,reproduction,1.2,1.1996854999997597,0.0,,reproduction,1.0
2,6,35,following,0.9,0.0,1.0114624000007095,0.9,reproduction,1.2
2,6,36,reproduction,1.4,1.5525194000001648,0.0,,following,0.9
2,6,37,reproduction,0.8,1.2819736999999805,0.0,,reproduction,1.4
2,6,38,reproduction,1.3,1.1879793999996764,0.0,,reproduction,0.8
2,6,39,reproduction,1.3,1.5524955999999293,0.0,,reproduction,1.3
2,6,40,reproduction,0.9,1.4113846000000194,0.0,,reproduction,1.3
2,6,41,following,1.2,0.0,1.1643567999999505,1.1,reproduction,0.9
2,6,42,reproduction,1.1,1.340800699999818,0.0,,following,1.2
2,6,43,reproduction,1.0,1.5642461999996158,0.0,,reproduction,1.1
2,6,44,reproduction,1.0,1.646594599999844,0.0,,reproduction,1.0
2,6,45,reproduction,0.9,1.3173305000000255,0.0,,reproduction,1.0
2,6,46,reproduction,1.2,1.8230484999994587,0.0,,reproduction,0.9
2,6,47,following,1.2,0.0,1.5642563999999766,1.1,reproduction,1.2
2,6,48,following,1.2,0.0,1.4583724000003713,1.4,following,1.2
2,6,49,following,1.0,0.0,1.3407928000005995,1.0,following,1.2
2,6,50,following,1.0,0.0,1.1408384999995178,1.2,following,1.0
2,6,51,following,0.9,0.0,1.1055217000002813,1.3,following,1.0
2,6,52,following,1.2,0.0,1.3878114999997706,0.9,following,0.9
2,6,53,following,1.1,0.0,1.1525577000002158,0.8,following,1.2
2,6,54,reproduction,0.8,1.0349857999999583,0.0,,following,1.1
2,6,55,reproduction,1.0,1.3055276000004596,0.0,,reproduction,0.8
2,6,56,following,0.9,0.0,1.070263999999952,1.4,reproduction,1.0
2,7,1,following,1.0,0.0,1.1173130000006497,0.9,,
2,7,2,reproduction,1.1,1.0585409000004802,0.0,,following,1.0
2,7,3,following,0.9,0.0,1.082090299999436,1.2,reproduction,1.1
2,7,4,reproduction,1.3,1.4229757000002792,0.0,,following,0.9
2,7,5,reproduction,0.8,1.0938256999997975,0.0,,reproduction,1.3
2,7,6,following,0.8,0.0,0.9996984999997948,1.0,reproduction,0.8
2,7,7,reproduction,1.4,0.6586233999996693,0.0,,following,0.8
2,7,8,following,1.3,0.0,1.1290564999999333,1.0,reproduction,1.4
2,7,9,following,0.9,0.0,1.1526423999994222,0.8,following,1.3
2,7,10,following,1.1,0.0,1.117278499999884,1.3,following,0.9
2,7,11,reproduction,1.0,1.1055934000005436,0.0,,following,1.1
2,7,12,reproduction,1.4,1.105597100000523,0.0,,reproduction,1.0
2,7,13,reproduction,1.4,1.2818907999999285,0.0,,reproduction,1.4
2,7,14,reproduction,1.2,0.7997753999998167,0.0,,reproduction,1.4
2,7,15,following,1.1,0.0,1.376040799999828,1.4,reproduction,1.2
2,7,16,reproduction,1.3,1.0702914000003148,0.0,,following,1.1
2,7,17,reproduction,0.8,1.1056029999999737,0.0,,reproduction,1.3
2,7,18,following,0.9,0.0,1.646528500000386,1.1,reproduction,0.8
2,7,19,following,1.1,0.0,0.8115106999994168,0.9,following,0.9
2,7,20,following,0.9,0.0,1.105534899999839,0.8,following,1.1
2,7,21,reproduction,0.9,0.9997431000001598,0.0,,following,0.9
2,7,22,reproduction,0.9,1.035024699999667,0.0,,reproduction,0.9
2,7,23,following,1.0,0.0,0.9879223000007188,1.2,reproduction,0.9
2,7,24,reproduction,1.0,1.0703175999997256,0.0,,following,1.0
2,7,25,following,0.8,0.0,1.034990000000107,1.3,reproduction,1.0
2,7,26,following,1.3,0.0,1.2348961000006966,1.4,following,0.8
2,7,27,following,1.3,0.0,1.458415099999911,1.2,following,1.3
2,7,28,following,1.4,0.0,1.3054703000007066,0.9,following,1.3
2,7,29,following,1.2,0.0,1.270254600000044,1.0,following,1.4
2,7,30,following,1.0,0.0,1.1055206000000908,1.0,following,1.2
2,7,31,reproduction,1.0,1.3290534000007028,0.0,,following,1.0
2,7,32,following,0.9,0.0,1.105566700000054,1.3,reproduction,1.0
2,7,33,following,1.1,0.0,0.9291473000002952,0.8,following,0.9
2,7,34,reproduction,1.1,1.234921100000065,0.0,,following,1.1
2,7,35,reproduction,1.2,0.9644510000007358,0.0,,reproduction,1.1
2,7,36,following,1.1,0.0,1.2114007999998648,1.3,reproduction,1.2
2,7,37,following,1.1,0.0,1.376040500000272,0.9,following,1.1
2,7,38,reproduction,1.0,1.387835300000006,0.0,,following,1.1
2,7,39,reproduction,1.1,0.95270199999959,0.0,,reproduction,1.0
2,7,40,reproduction,0.9,1.0350164999999834,0.0,,reproduction,1.1
2,7,41,following,1.1,0.0,1.9641076999996585,1.4,reproduction,0.9
2,7,42,reproduction,1.1,1.3760389000008215,0.0,,following,1.1
2,7,43,following,0.8,0.0,1.2231519999995726,0.8,reproduction,1.1
2,7,44,reproduction,0.9,0.9291647999998532,0.0,,following,0.8
2,7,45,reproduction,0.8,0.8233604999995805,0.0,,reproduction,0.9
2,7,46,following,0.8,0.0,1.0820149000001038,1.1,reproduction,0.8
2,7,47,reproduction,1.2,1.4113823999996384,0.0,,following,0.8
2,7,48,reproduction,1.3,1.6936031000004732,0.0,,reproduction,1.2
2,7,49,following,0.8,0.0,1.2702054999999746,1.4,reproduction,1.3
2,7,50,reproduction,1.3,1.576054799999838,0.0,,following,0.8
2,7,51,following,1.3,0.0,1.1054503000004845,1.2,reproduction,1.3
2,7,52,reproduction,0.8,0.752694199999496,0.0,,following,1.3
2,7,53,following,1.1,0.0,0.1646357999998144,1.1,reproduction,0.8
2,7,54,reproduction,1.2,0.9174269999994068,0.0,,following,1.1
2,7,55,reproduction,1.4,1.023250199999893,0.0,,reproduction,1.2
2,7,56,following,1.1,0.0,1.2231278999988715,1.1,reproduction,1.4
2,8,1,reproduction,1.3,1.3055413000001863,0.0,,,
2,8,2,reproduction,0.8,1.1760591999991448,0.0,,reproduction,1.3
2,8,3,following,0.9,0.0,1.0114620000003924,1.4,reproduction,0.8
2,8,4,following,0.9,0.0,1.281953199999407,1.2,following,0.9
2,8,5,following,1.0,0.0,1.03491109999959,0.9,following,0.9
2,8,6,reproduction,1.0,1.082031799998731,0.0,,following,1.0
2,8,7,following,1.0,0.0,1.2819724999990283,1.0,reproduction,1.0
2,8,8,reproduction,1.2,1.5525505000005069,0.0,,following,1.0
2,8,9,reproduction,1.4,1.246726800000033,0.0,,reproduction,1.2
2,8,10,following,1.0,0.0,1.7759283000013966,1.3,reproduction,1.4
2,8,11,reproduction,1.1,1.270230800000718,0.0,,following,1.0
2,8,12,following,1.0,0.0,0.8702976999993552,1.2,reproduction,1.1
2,8,13,reproduction,1.4,1.1761826999991172,0.0,,following,1.0
2,8,14,reproduction,0.8,1.0349789000010787,0.0,,reproduction,1.4
2,8,15,following,1.1,0.0,1.117292400000224,1.4,reproduction,0.8
2,8,16,reproduction,1.1,1.34079390000079,0.0,,following,1.1
2,8,17,reproduction,1.0,1.0115459000007831,0.0,,reproduction,1.1
2,8,18,following,1.4,0.0,1.693589599999541,0.9,reproduction,1.0
2,8,19,reproduction,1.4,1.3996494000002713,0.0,,following,1.4
2,8,20,reproduction,1.3,1.0467578999996476,0.0,,reproduction,1.4
2,8,21,following,1.2,0.0,1.22319299999981,0.8,reproduction,1.3
2,8,22,following,0.8,0.0,1.11731090000103,1.3,following,1.2
2,8,23,following,0.8,0.0,1.246711600000708,1.2,following,0.8
2,8,24,following,1.0,0.0,1.117293299999801,1.3,following,0.8
2,8,25,following,0.8,0.0,0.7644696000006661,0.9,following,1.0
2,8,26,following,1.3,0.0,1.2348337000003085,1.1,following,0.8
2,8,27,reproduction,1.2,1.1526455000002898,0.0,,following,1.3
2,8,28,following,1.3,0.0,1.2819492999988142,1.4,reproduction,1.2
2,8,29,following,1.1,0.0,1.5289477999995142,0.8,following,1.3
2,8,30,reproduction,1.1,1.058522900000753,0.0,,following,1.1
2,8,31,following,1.4,0.0,1.082004699999743,1.1,reproduction,1.1
2,8,32,following,0.9,0.0,1.176036100001511,1.1,following,1.4
2,8,33,reproduction,1.2,1.399566899999627,0.0,,following,0.9
2,8,34,reproduction,1.1,0.7527697999994416,0.0,,reproduction,1.2
2,8,35,following,1.1,0.0,1.187883900000088,1.0,reproduction,1.1
2,8,36,reproduction,1.0,1.246719499999017,0.0,,following,1.1
2,8,37,reproduction,1.3,0.5057577999996283,0.0,,reproduction,1.0
2,8,38,reproduction,1.3,1.3996005000008154,0.0,,reproduction,1.3
2,8,39,reproduction,0.9,0.1411649000001489,0.0,,reproduction,1.3
2,8,40,following,1.0,0.0,1.1408277999998973,0.8,reproduction,0.9
2,8,41,reproduction,1.2,1.2467168999992282,0.0,,following,1.0
2,8,42,reproduction,1.0,0.6469075999993947,0.0,,reproduction,1.2
2,8,43,following,1.2,0.0,1.9641063999988544,1.3,reproduction,1.0
2,8,44,reproduction,0.9,1.1996610999995028,0.0,,following,1.2
2,8,45,following,1.0,0.0,1.058530399999654,1.4,reproduction,0.9
2,8,46,following,1.3,0.0,1.0820180999999138,1.2,following,1.0
2,8,47,following,0.8,0.0,1.1408239000011235,1.0,following,1.3
2,8,48,reproduction,0.9,1.0232608999995136,0.0,,following,0.8
2,8,49,reproduction,0.8,1.3996342999998888,0.0,,reproduction,0.9
2,8,50,following,1.1,0.0,1.3289340999999697,0.9,reproduction,0.8
2,8,51,following,1.2,0.0,1.4936465000009775,0.8,following,1.1
2,8,52,following,0.8,0.0,1.1524506000005204,1.1,following,1.2
2,8,53,reproduction,0.9,1.2349510000003647,0.0,,following,0.8
2,8,54,following,1.0,0.0,1.1878763000004255,1.0,reproduction,0.9
2,8,55,reproduction,1.4,1.2701951999988523,0.0,,following,1.0
2,8,56,reproduction,0.8,0.6704527999991114,0.0,,reproduction,1.4
2,9,1,following,1.1,0.0,1.1290554999995948,1.4,,
2,9,2,reproduction,1.3,1.329063600000154,0.0,,following,1.1
2,9,3,following,1.3,0.0,1.5877454000001308,1.1,reproduction,1.3
2,9,4,reproduction,1.0,1.3408875000004628,0.0,,following,1.3
2,9,5,reproduction,0.9,1.3055820999998105,0.0,,reproduction,1.0
2,9,6,following,0.9,0.0,1.1996407999995429,1.0,reproduction,0.9
2,9,7,reproduction,0.9,1.1879059999992023,0.0,,following,0.9
2,9,8,reproduction,1.2,1.2702628999995795,0.0,,reproduction,0.9
2,9,9,reproduction,0.8,0.7645799000001716,0.0,,reproduction,1.2
2,9,10,following,1.1,0.0,1.3407792999987578,1.0,reproduction,0.8
2,9,11,reproduction,1.3,1.505453800000396,0.0,,following,1.1
2,9,12,reproduction,1.1,1.4349070999996911,0.0,,reproduction,1.3
2,9,13,reproduction,0.8,1.0820646000011038,0.0,,reproduction,1.1
2,9,14,following,0.9,0.0,1.034973899999386,1.2,reproduction,0.8
2,9,15,following,1.4,0.0,1.5406428999995114,1.3,following,0.9
2,9,16,following,1.4,0.0,1.258454000000711,0.8,following,1.4
2,9,17,following,1.1,0.0,1.246686000000409,0.9,following,1.4
2,9,18,reproduction,1.2,0.9761870000002092,0.0,,following,1.1
2,9,19,following,0.8,0.0,0.7997605999989901,1.1,reproduction,1.2
2,9,20,following,0.9,0.0,0.976152600000205,1.2,following,0.8
2,9,21,following,1.2,0.0,1.3289994000006118,1.1,following,0.9
2,9,22,following,1.3,0.0,1.1058713000002172,0.8,following,1.2
2,9,23,reproduction,1.0,1.18792620000022,0.0,,following,1.3
2,9,24,following,1.1,0.0,1.1525538000005326,1.2,reproduction,1.0
2,9,25,reproduction,1.1,1.1996437999987393,0.0,,following,1.1
2,9,26,following,1.2,0.0,1.4819571000007272,1.4,reproduction,1.1
2,9,27,reproduction,0.8,1.4584451000009722,0.0,,following,1.2
2,9,28,reproduction,1.4,1.2349265000011656,0.0,,reproduction,0.8
2,9,29,reproduction,0.9,1.0938234999994163,0.0,,reproduction,1.4
2,9,30,following,0.9,0.0,1.1055391999998392,0.9,reproduction,0.9
2,9,31,following,1.1,0.0,1.340808900000411,1.0,following,0.9
2,9,32,following,0.9,0.0,1.3054882999986148,1.3,following,1.1
2,9,33,reproduction,1.4,1.1290869000004022,0.0,,following,0.9
2,9,34,following,1.4,0.0,1.199633400001403,1.1,reproduction,1.4
2,9,35,reproduction,1.4,1.5877971999998408,0.0,,following,1.4
2,9,36,reproduction,0.9,0.6939144999996643,0.0,,reproduction,1.4
2,9,37,following,1.3,0.0,1.2348868999997649,1.2,reproduction,0.9
2,9,38,reproduction,1.0,1.0585268999984692,0.0,,following,1.3
2,9,39,following,0.9,0.0,1.1643317000016395,1.3,reproduction,1.0
2,9,40,following,0.9,0.0,1.0701855000006617,1.0,following,0.9
2,9,41,reproduction,1.2,1.1055680999998003,0.0,,following,0.9
2,9,42,reproduction,1.0,0.9996774999999616,0.0,,reproduction,1.2
2,9,43,reproduction,1.3,1.1291173000008712,0.0,,reproduction,1.0
2,9,44,reproduction,0.8,1.152637600000162,0.0,,reproduction,1.3
2,9,45,following,1.0,0.0,0.9409348000008322,0.9,reproduction,0.8
2,9,46,following,1.3,0.0,1.328939499999251,0.8,following,1.0
2,9,47,reproduction,1.3,0.9174278999998932,0.0,,following,1.3
2,9,48,reproduction,1.1,1.0350016000011235,0.0,,reproduction,1.3
2,9,49,following,0.8,0.0,0.823244799999884,1.4,reproduction,1.1
2,9,50,following,1.2,0.0,0.8703280000008817,1.3,following,0.8
2,9,51,following,1.3,0.0,1.0348957999995037,0.9,following,1.2
2,9,52,following,1.1,0.0,0.8354553000008309,1.4,following,1.3
2,9,53,reproduction,1.2,1.1290902000000642,0.0,,following,1.1
2,9,54,reproduction,1.1,1.434907000000749,0.0,,reproduction,1.2
2,9,55,following,1.1,0.0,0.7644978999996965,0.8,reproduction,1.1
2,9,56,reproduction,1.4,1.1996468999986971,0.0,,following,1.1
2,10,1,reproduction,1.3,1.4585148000005574,0.0,,,
2,10,2,following,1.1,0.0,1.1996223999994982,1.3,reproduction,1.3
2,10,3,following,1.4,0.0,1.0584994999990158,0.8,following,1.1
2,10,4,reproduction,1.1,1.1759793999990509,0.0,,following,1.4
2,10,5,following,0.8,0.0,1.1055642000010266,1.1,reproduction,1.1
2,10,6,following,1.0,0.0,1.082028700000592,1.2,following,0.8
2,10,7,following,0.8,0.0,1.0466983000005712,1.2,following,1.0
2,10,8,reproduction,1.0,0.8115965999986656,0.0,,following,0.8
2,10,9,reproduction,0.9,1.0114789999988716,0.0,,reproduction,1.0
2,10,10,reproduction,1.1,0.7527692999992723,0.0,,reproduction,0.9
2,10,11,reproduction,0.9,1.0467699999990143,0.0,,reproduction,1.1
2,10,12,following,1.1,0.0,1.1526045999999042,1.0,reproduction,0.9
2,10,13,following,1.4,0.0,1.5641961000001174,1.0,following,1.1
2,10,14,following,1.0,0.0,1.3172432000010303,1.3,following,1.4
2,10,15,reproduction,0.8,1.0115187000010335,0.0,,following,1.0
2,10,16,reproduction,1.2,0.3175788999997166,0.0,,reproduction,0.8
2,10,17,reproduction,1.4,1.1996620999998413,0.0,,reproduction,1.2
2,10,18,reproduction,1.0,0.999773900000946,0.0,,reproduction,1.4
2,10,19,reproduction,0.8,1.2114462999998068,0.0,,reproduction,1.0
2,10,20,following,1.0,0.0,1.2349049000004015,1.3,reproduction,0.8
2,10,21,following,1.2,0.0,1.1996213999991596,1.4,following,1.0
2,10,22,following,0.8,0.0,0.1764138999988063,0.8,following,1.2
2,10,23,reproduction,1.2,1.1291019000000233,0.0,,following,0.8
2,10,24,following,0.8,0.0,0.7174166999993759,1.1,reproduction,1.2
2,10,25,reproduction,0.8,1.035082099999272,0.0,,following,0.8
2,10,26,following,0.8,0.0,1.1289231999999174,1.4,reproduction,0.8
2,10,27,following,1.1,0.0,1.3407475000003617,0.9,following,0.8
2,10,28,reproduction,0.9,0.658673900001304,0.0,,following,1.1
2,10,29,following,1.4,0.0,1.4347369999995865,1.1,reproduction,0.9
2,10,30,following,0.8,0.0,1.0702569000004587,1.4,following,1.4
2,10,31,following,1.0,0.0,0.5527694000011252,0.9,following,0.8
2,10,32,reproduction,1.3,0.7997320999984368,0.0,,following,1.0
2,10,33,reproduction,1.2,0.7997857999998814,0.0,,reproduction,1.3
2,10,34,reproduction,1.0,0.2823556000003009,0.0,,reproduction,1.2
2,10,35,following,1.0,0.0,1.4230969000000186,1.4,reproduction,1.0
2,10,36,following,0.9,0.0,1.2466645000004064,1.2,following,1.0
2,10,37,following,1.2,0.0,1.1290999000011652,0.8,following,0.9
2,10,38,following,1.3,0.0,1.2349250000006575,1.0,following,1.2
2,10,39,reproduction,1.1,0.7880284000002575,0.0,,following,1.3
2,10,40,following,1.3,0.0,1.2230867999987822,1.1,reproduction,1.1
2,10,41,reproduction,1.1,1.352640499999325,0.0,,following,1.3
2,10,42,following,1.2,0.0,1.1996347999993304,1.0,reproduction,1.1
2,10,43,reproduction,0.9,0.7998384999991686,0.0,,following,1.2
2,10,44,reproduction,1.4,1.070304799999576,0.0,,reproduction,0.9
2,10,45,reproduction,1.0,1.3761010999987775,0.0,,reproduction,1.4
2,10,46,following,1.1,0.0,1.340753999998924,0.9,reproduction,1.0
2,10,47,following,1.1,0.0,1.223156599999129,0.9,following,1.1
2,10,48,following,0.8,0.0,0.8937810999996145,1.2,following,1.1
2,10,49,reproduction,1.2,0.3058240000009391,0.0,,following,0.8
2,10,50,reproduction,1.4,1.282186300000831,0.0,,reproduction,1.2
2,10,51,reproduction,1.3,1.2114540999991732,0.0,,reproduction,1.4
2,10,52,following,0.9,0.0,0.9762178000000858,0.8,reproduction,1.3
2,10,53,reproduction,1.4,0.9057928999991418,0.0,,following,0.9
2,10,54,following,1.3,0.0,0.9996016000004602,1.3,reproduction,1.4
2,10,55,reproduction,1.3,1.2231680000004417,0.0,,following,1.3
2,10,56,reproduction,0.8,1.1525642000015068,0.0,,reproduction,1.3
1,1,1,following,1.3,0.0,0.7997782999999572,1.1,,
1,1,2,reproduction,1.0,1.0702790999998797,0.0,,following,1.3
1,1,3,following,0.9,0.0,0.8703246999998555,1.4,reproduction,1.0
1,1,4,reproduction,0.8,1.1173260999999002,0.0,,following,0.9
1,1,5,reproduction,1.3,1.223163999999997,0.0,,reproduction,0.8
1,1,6,reproduction,1.2,1.1526087999998254,0.0,,reproduction,1.3
1,1,7,following,0.9,0.0,0.8820891999998821,1.3,reproduction,1.2
1,1,8,reproduction,1.0,1.1290842000000794,0.0,,following,0.9
1,1,9,following,0.9,0.0,1.0702297000000272,1.4,reproduction,1.0
1,1,10,following,0.9,0.0,1.0583690000000845,1.4,following,0.9
1,1,11,reproduction,1.1,1.0114624000000276,0.0,,following,0.9
1,1,12,reproduction,1.3,1.1761105000000498,0.0,,reproduction,1.1
1,1,13,following,0.9,0.0,0.8115331999999853,1.0,reproduction,1.3
1,1,14,following,1.3,0.0,1.31723379999994,1.2,following,0.9
1,1,15,following,0.8,0.0,0.8467918999999711,0.8,following,1.3
1,1,16,following,1.2,0.0,1.211388100000022,1.1,following,0.8
1,1,17,following,1.0,0.0,1.0585009999999784,0.9,following,1.2
1,1,18,reproduction,1.2,1.1173205000000053,0.0,,following,1.0
1,1,19,reproduction,1.4,1.2702191000000769,0.0,,reproduction,1.2
1,1,20,following,1.4,0.0,1.4113494000000628,1.3,reproduction,1.4
1,1,21,following,0.8,0.0,0.7645164999998997,1.2,following,1.4
1,1,22,reproduction,0.8,0.7174665000000005,0.0,,following,0.8
1,1,23,reproduction,0.8,0.9409296000001176,0.0,,reproduction,0.8
1,1,24,following,0.8,0.0,0.7527250000000549,0.9,reproduction,0.8
1,1,25,reproduction,0.9,0.6233546000000842,0.0,,following,0.8
1,1,26,reproduction,1.4,1.3172753999999711,0.0,,reproduction,0.9
1,1,27,following,1.2,0.0,1.2349287000001825,0.9,reproduction,1.4
1,1,28,following,0.8,0.0,0.7996168000001944,0.9,following,1.2
1,1,29,reproduction,1.3,1.411373299999923,0.0,,following,0.8
1,1,30,following,1.3,0.0,1.3290160999999898,1.0,reproduction,1.3
1,1,31,following,1.1,0.0,1.152570100000048,1.3,following,1.3
1,1,32,reproduction,1.1,0.9644330000000992,0.0,,following,1.1
1,1,33,following,1.1,0.0,1.1290464999999583,1.1,reproduction,1.1
1,1,34,following,1.4,0.0,1.3172720999998546,1.2,following,1.1
1,1,35,following,1.3,0.0,1.3172116000000642,1.3,following,1.4
1,1,36,following,1.4,0.0,1.3055126000001565,1.0,following,1.3
1,1,37,reproduction,1.4,1.5642502999999124,0.0,,following,1.4
1,1,38,following,0.9,0.0,0.8585550999998759,0.8,reproduction,1.4
1,1,39,reproduction,1.0,0.9056176999999934,0.0,,following,0.9
1,1,40,reproduction,1.2,1.3760701999999585,0.0,,reproduction,1.0
1,1,41,reproduction,1.0,0.8350673999998435,0.0,,reproduction,1.2
1,1,42,reproduction,1.4,1.5405717000001005,0.0,,reproduction,1.0
1,1,43,following,1.4,0.0,1.3760513999998238,1.1,reproduction,1.4
1,1,44,following,1.4,0.0,1.3760577999998986,0.8,following,1.4
1,1,45,reproduction,0.9,1.046759700000166,0.0,,following,1.4
1,1,46,reproduction,0.8,0.8232731999999032,0.0,,reproduction,0.9
1,1,47,reproduction,1.3,1.528905399999985,0.0,,reproduction,0.8
1,1,48,following,0.8,0.0,0.8468021000001045,1.2,reproduction,1.3
1,1,49,following,1.1,0.0,1.1878558999999314,0.8,following,0.8
1,1,50,following,1.3,0.0,1.2819646000000375,1.0,following,1.1
1,1,51,reproduction,1.2,1.2819791000001717,0.0,,following,1.3
1,1,52,reproduction,1.1,1.505424999999832,0.0,,reproduction,1.2
1,1,53,reproduction,0.9,0.8467967999999928,0.0,,reproduction,1.1
1,1,54,following,1.1,0.0,1.1761006000001544,1.4,reproduction,0.9
1,1,55,reproduction,1.1,1.5760095999999066,0.0,,following,1.1
1,1,56,reproduction,0.9,1.1526093999998466,0.0,,reproduction,1.1
1,2,1,following,1.0,0.0,0.905615399999988,1.3,,
1,2,2,following,1.0,0.0,0.976122000000032,1.0,following,1.0
1,2,3,reproduction,0.9,0.952657100000124,0.0,,following,1.0
1,2,4,following,1.2,0.0,1.1761406999999051,0.9,reproduction,0.9
1,2,5,reproduction,0.8,0.6116987000000336,0.0,,following,1.2
1,2,6,reproduction,1.3,1.3525088000001233,0.0,,reproduction,0.8
1,2,7,reproduction,0.8,0.870337599999857,0.0,,reproduction,1.3
1,2,8,following,1.1,0.0,1.0232057999999142,0.8,reproduction,0.8
1,2,9,following,0.9,0.0,0.882082599999876,1.2,following,1.1
1,2,10,reproduction,1.1,1.28198969999994,0.0,,following,0.9
1,2,11,reproduction,0.8,0.9174066000000494,0.0,,reproduction,1.1
1,2,12,reproduction,1.3,1.2937395999999808,0.0,,reproduction,0.8
1,2,13,following,0.9,0.0,0.893840100000034,1.1,reproduction,1.3
1,2,14,reproduction,1.4,1.3172749000000294,0.0,,following,0.9
1,2,15,following,0.9,0.0,0.8586711999998897,1.2,reproduction,1.4
1,2,16,following,0.9,0.0,0.9291752999999972,1.1,following,0.9
1,2,17,following,1.1,0.0,1.070250900000019,1.3,following,0.9
1,2,18,following,1.4,0.0,1.2819686000000274,1.0,following,1.1
1,2,19,following,1.4,0.0,1.328974799999969,1.3,following,1.4
1,2,20,following,0.8,0.0,0.752724199999875,0.8,following,1.4
1,2,21,reproduction,1.2,1.281975999999986,0.0,,following,0.8
1,2,22,reproduction,0.9,0.9056137000000036,0.0,,reproduction,1.2
1,2,23,following,1.3,0.0,1.234937299999956,1.1,reproduction,0.9
1,2,24,following,1.1,0.0,1.0114547000000584,1.4,following,1.3
1,2,25,reproduction,1.0,1.387774600000057,0.0,,following,1.1
1,2,26,reproduction,1.3,1.4583668000000216,0.0,,reproduction,1.0
1,2,27,following,1.0,0.0,1.0584788999999546,1.4,reproduction,1.3
1,2,28,following,1.4,0.0,1.4113174999999956,0.9,following,1.0
1,2,29,following,1.3,0.0,0.9173000999999203,0.8,following,1.4
1,2,30,reproduction,1.4,1.5289855999999418,0.0,,following,1.3
1,2,31,following,1.2,0.0,1.1408243999999286,1.4,reproduction,1.4
1,2,32,following,1.2,0.0,1.21141990000001,1.1,following,1.2
1,2,33,reproduction,1.0,1.2349452999999355,0.0,,following,1.2
1,2,34,following,0.9,0.0,0.8350000000000364,0.9,reproduction,1.0
1,2,35,following,0.9,0.0,0.8468001999999615,1.2,following,0.9
1,2,36,reproduction,1.1,1.3407736999999995,0.0,,following,0.9
1,2,37,reproduction,1.0,0.9997080000000552,0.0,,reproduction,1.1
1,2,38,following,0.9,0.0,0.846744899999976,1.4,reproduction,1.0
1,2,39,following,1.4,0.0,1.3877946000000063,1.0,following,0.9
1,2,40,reproduction,1.2,1.5642209000000094,0.0,,following,1.4
1,2,41,following,0.8,0.0,0.8820923000000676,1.3,reproduction,1.2
1,2,42,reproduction,1.3,1.5054423999999926,0.0,,following,0.8
1,2,43,reproduction,1.4,1.881808699999965,0.0,,reproduction,1.3
1,2,44,reproduction,0.9,0.8232808999998724,0.0,,reproduction,1.4
1,2,45,reproduction,0.8,0.4939647999999579,0.0,,reproduction,0.9
1,2,46,following,1.1,0.0,1.034929899999952,0.9,reproduction,0.8
1,2,47,reproduction,0.9,0.7762556000000131,0.0,,following,1.1
1,2,48,following,1.1,0.0,1.058515400000033,0.8,reproduction,0.9
1,2,49,reproduction,1.4,1.3996098000000077,0.0,,following,1.1
1,2,50,following,1.3,0.0,1.117297199999939,1.2,reproduction,1.4
1,2,51,reproduction,1.2,1.5054251999999906,0.0,,following,1.3
1,2,52,reproduction,1.1,0.9879260000000158,0.0,,reproduction,1.2
1,2,53,following,1.4,0.0,1.3054724999999507,1.0,reproduction,1.1
1,2,54,reproduction,1.0,0.9526862000000164,0.0,,following,1.4
1,2,55,reproduction,1.1,1.199650100000099,0.0,,reproduction,1.0
1,2,56,reproduction,1.2,1.599523999999974,0.0,,reproduction,1.1
1,3,1,reproduction,1.3,1.4231047000000672,0.0,,,
1,3,2,reproduction,1.4,1.4466339999999036,0.0,,reproduction,1.3
1,3,3,following,0.8,0.0,0.7174195000000054,1.2,reproduction,1.4
1,3,4,following,1.1,0.0,1.0937699999999495,1.3,following,0.8
1,3,5,following,1.0,0.0,0.8820682000000488,0.8,following,1.1
1,3,6,reproduction,0.8,0.7527354999999716,0.0,,following,1.0
1,3,7,following,1.0,0.0,1.0585108000000218,0.9,reproduction,0.8
1,3,8,reproduction,1.1,1.3525377000000844,0.0,,following,1.0
1,3,9,reproduction,1.1,1.2466739999999843,0.0,,reproduction,1.1
1,3,10,reproduction,0.9,0.7880385999999362,0.0,,reproduction,1.1
1,3,11,following,1.4,0.0,1.3760254000001169,1.4,reproduction,0.9
1,3,12,reproduction,1.2,1.2701977000001534,0.0,,following,1.4
1,3,13,reproduction,0.8,0.8704274000001533,0.0,,reproduction,1.2
1,3,14,reproduction,1.3,1.376027600000043,0.0,,reproduction,0.8
1,3,15,following,1.4,0.0,1.3289852000000335,0.8,reproduction,1.3
1,3,16,reproduction,1.0,0.8938697000000957,0.0,,following,1.4
1,3,17,following,0.8,0.0,0.7527010000001155,1.0,reproduction,1.0
1,3,18,reproduction,1.0,0.9173995999999534,0.0,,following,0.8
1,3,19,following,0.9,0.0,0.917352400000027,1.0,reproduction,1.0
1,3,20,reproduction,1.4,0.92916009999999,0.0,,following,0.9
1,3,21,following,1.2,0.0,0.917294399999946,1.0,reproduction,1.4
1,3,22,following,0.9,0.0,0.8467894999998862,0.9,following,1.2
1,3,23,reproduction,1.1,1.1528584000000135,0.0,,following,0.9
1,3,24,following,1.4,0.0,1.0936925999999405,1.1,reproduction,1.1
1,3,25,reproduction,0.9,0.8703184999999394,0.0,,following,1.4
1,3,26,following,1.4,0.0,1.3642730999999912,0.8,reproduction,0.9
1,3,27,reproduction,1.2,1.6818607000000156,0.0,,following,1.4
1,3,28,following,1.3,0.0,1.0702193999998144,1.3,reproduction,1.2
1,3,29,reproduction,0.9,0.9409123000000365,0.0,,following,1.3
1,3,30,reproduction,1.4,1.5524528000000828,0.0,,reproduction,0.9
1,3,31,reproduction,1.1,1.1996705999999904,0.0,,reproduction,1.4
1,3,32,following,1.3,0.0,1.2584478999999646,1.1,reproduction,1.1
1,3,33,following,1.0,0.0,0.9996603999998116,1.0,following,1.3
1,3,34,reproduction,1.3,1.50544560000003,0.0,,following,1.0
1,3,35,following,1.2,0.0,1.1525748999999903,1.3,reproduction,1.3
1,3,36,following,1.0,0.0,0.8938190999999733,1.4,following,1.2
1,3,37,following,0.8,0.0,0.7644379999999273,1.2,following,1.0
1,3,38,following,0.8,0.0,0.7527058999999099,1.1,following,0.8
1,3,39,reproduction,1.2,1.1643741999998838,0.0,,following,0.8
1,3,40,following,1.1,0.0,1.1055335999999445,1.2,reproduction,1.2
1,3,41,reproduction,1.2,1.093683599999849,0.0,,following,1.1
1,3,42,following,1.1,0.0,1.1408183000000918,1.4,reproduction,1.2
1,3,43,following,1.1,0.0,1.023213799999894,1.3,following,1.1
1,3,44,reproduction,1.4,1.6230966999999057,0.0,,following,1.1
1,3,45,following,0.8,0.0,0.7291669999999613,0.9,reproduction,1.4
1,3,46,reproduction,0.9,1.1526455999999143,0.0,,following,0.8
1,3,47,following,1.0,0.0,0.9291247000001022,1.2,reproduction,0.9
1,3,48,reproduction,1.0,0.7880095000000438,0.0,,following,1.0
1,3,49,reproduction,1.3,1.5524789000000965,0.0,,reproduction,1.0
1,3,50,following,0.8,0.0,0.8585448000001179,1.4,reproduction,1.3
1,3,51,following,0.9,0.0,0.8350494999999682,0.9,following,0.8
1,3,52,following,1.3,0.0,1.211389699999927,0.8,following,0.9
1,3,53,reproduction,0.8,0.77626489999966,0.0,,following,1.3
1,3,54,following,1.4,0.0,1.1878507000001264,1.1,reproduction,0.8
1,3,55,reproduction,0.8,1.234925100000055,0.0,,following,1.4
1,3,56,reproduction,1.0,1.1291316000001643,0.0,,reproduction,0.8
1,4,1,reproduction,0.8,1.035015100000237,0.0,,,
1,4,2,following,0.8,0.0,0.6938829999999143,1.2,reproduction,0.8
1,4,3,following,1.1,0.0,0.8350213999997322,1.0,following,0.8
1,4,4,reproduction,1.2,1.4584070999999312,0.0,,following,1.1
1,4,5,reproduction,1.3,1.3290606999999,0.0,,reproduction,1.2
1,4,6,reproduction,1.1,0.846857,0.0,,reproduction,1.3
1,4,7,reproduction,1.2,1.3643042000003334,0.0,,reproduction,1.1
1,4,8,following,0.8,0.0,0.7879883999999038,1.3,reproduction,1.2
1,4,9,following,1.1,0.0,0.9408661999996184,1.3,following,0.8
1,4,10,following,0.9,0.0,0.940864600000168,1.1,following,1.1
1,4,11,reproduction,1.0,1.3055258999997932,0.0,,following,0.9
1,4,12,reproduction,0.9,0.8468192000000272,0.0,,reproduction,1.0
1,4,13,reproduction,1.4,1.4819351000001006,0.0,,reproduction,0.9
1,4,14,following,1.0,0.0,0.9643942000002426,1.4,reproduction,1.4
1,4,15,reproduction,0.8,0.7527340000001459,0.0,,following,1.0
1,4,16,reproduction,1.3,1.4113585999998577,0.0,,reproduction,0.8
1,4,17,reproduction,0.9,0.7527296000002934,0.0,,reproduction,1.3
1,4,18,following,1.3,0.0,1.3054888000001483,0.8,reproduction,0.9
1,4,19,reproduction,1.2,1.0703044000001682,0.0,,following,1.3
1,4,20,following,1.3,0.0,1.1996045999999296,0.8,reproduction,1.2
1,4,21,following,0.8,0.0,1.046758200000113,1.1,following,1.3
1,4,22,following,0.8,0.0,0.7291752999999517,0.9,following,0.8
1,4,23,following,1.2,0.0,1.0584874999999556,1.0,following,0.8
1,4,24,following,1.0,0.0,0.9996965000000272,1.3,following,1.2
1,4,25,reproduction,1.1,1.6936011000002509,0.0,,following,1.0
1,4,26,reproduction,1.1,1.3760419999998703,0.0,,reproduction,1.1
1,4,27,following,1.4,0.0,1.4348519999998643,1.4,reproduction,1.1
1,4,28,following,1.2,0.0,1.24667670000008,1.2,following,1.4
1,4,29,following,1.0,0.0,1.152586700000029,0.9,following,1.2
1,4,30,following,0.8,0.0,0.7644545999996808,1.2,following,1.0
1,4,31,following,1.2,0.0,1.1408265999998548,1.1,following,0.8
1,4,32,reproduction,1.4,1.5877611999999317,0.0,,following,1.2
1,4,33,reproduction,0.8,1.1526026999999883,0.0,,reproduction,1.4
1,4,34,following,1.4,0.0,1.3642572999997356,1.2,reproduction,0.8
1,4,35,following,0.8,0.0,0.7526693999998315,1.1,following,1.4
1,4,36,reproduction,0.8,0.8115395999998327,0.0,,following,0.8
1,4,37,reproduction,1.0,0.7644723000003069,0.0,,reproduction,0.8
1,4,38,following,0.8,0.0,0.8115234000001692,0.9,reproduction,1.0
1,4,39,reproduction,1.3,1.4113416000000143,0.0,,following,0.8
1,4,40,reproduction,1.4,1.6818610999998782,0.0,,reproduction,1.3
1,4,41,following,1.0,0.0,0.7644653000002108,0.9,reproduction,1.4
1,4,42,following,0.9,0.0,0.9173792999999932,1.0,following,1.0
1,4,43,following,0.9,0.0,0.8349977000002582,1.3,following,0.9
1,4,44,following,1.2,0.0,1.1290577999998277,1.0,following,0.9
1,4,45,reproduction,0.9,1.0820183000000725,0.0,,following,1.2
1,4,46,following,0.8,0.0,0.7997459999996863,0.8,reproduction,0.9
1,4,47,reproduction,1.0,1.0702790999998797,0.0,,following,0.8
1,4,48,reproduction,1.2,1.176117399999839,0.0,,reproduction,1.0
1,4,49,reproduction,1.1,1.693617599999925,0.0,,reproduction,1.2
1,4,50,following,1.3,0.0,1.1055407999997442,1.4,reproduction,1.1
1,4,51,reproduction,1.0,0.9997260999998616,0.0,,following,1.3
1,4,52,reproduction,1.3,1.5524801999999909,0.0,,reproduction,1.0
1,4,53,reproduction,1.4,1.7171680000001288,0.0,,reproduction,1.3
1,4,54,following,1.4,0.0,1.2466630999997506,1.4,reproduction,1.4
1,4,55,following,1.3,0.0,1.3525273000000195,0.8,following,1.4
1,4,56,reproduction,0.9,0.8233006999998906,0.0,,following,1.3
1,5,1,reproduction,0.8,0.9997161000001142,0.0,,,
1,5,2,reproduction,1.1,1.4466237999999976,0.0,,reproduction,0.8
1,5,3,reproduction,1.4,1.5877615999997945,0.0,,reproduction,1.1
1,5,4,following,0.8,0.0,0.7997528000000784,0.8,reproduction,1.4
1,5,5,reproduction,0.9,0.9056313999999476,0.0,,following,0.8
1,5,6,reproduction,0.9,1.4113437000000886,0.0,,reproduction,0.9
1,5,7,following,1.4,0.0,1.2231535999999323,1.3,reproduction,0.9
1,5,8,following,1.0,0.0,0.8938551000001098,1.4,following,1.4
1,5,9,following,1.0,0.0,0.9761947000001784,1.4,following,1.0
1,5,10,following,1.1,0.0,0.9408668000000944,0.8,following,1.0
1,5,11,reproduction,0.9,0.752731500000209,0.0,,following,1.1
1,5,12,following,1.3,0.0,1.0702446000000236,1.3,reproduction,0.9
1,5,13,following,1.3,0.0,1.2349162999998953,1.2,following,1.3
1,5,14,following,1.0,0.0,1.0820182000002203,1.0,following,1.3
1,5,15,reproduction,0.9,0.940912500000195,0.0,,following,1.0
1,5,16,following,1.2,0.0,1.152585799999997,1.3,reproduction,0.9
1,5,17,reproduction,1.2,1.0703074000002744,0.0,,following,1.2
1,5,18,reproduction,1.1,1.552513899999667,0.0,,reproduction,1.2
1,5,19,following,1.3,0.0,1.070263999999952,0.9,reproduction,1.1
1,5,20,reproduction,1.0,0.9291291999998066,0.0,,following,1.3
1,5,21,following,0.8,0.0,0.893850399999792,1.4,reproduction,1.0
1,5,22,reproduction,0.8,0.7997717999996894,0.0,,following,0.8
1,5,23,following,0.8,0.0,0.8937972999997328,0.8,reproduction,0.8
1,5,24,reproduction,1.0,0.9879677999997512,0.0,,following,0.8
1,5,25,following,0.8,0.0,0.964351799999804,1.2,reproduction,1.0
1,5,26,following,1.1,0.0,0.987938700000086,1.1,following,0.8
1,5,27,reproduction,1.4,1.387829199999942,0.0,,following,1.1
1,5,28,following,0.8,0.0,0.6233334999997169,1.1,reproduction,1.4
1,5,29,following,1.1,0.0,1.1055536999997455,1.1,following,0.8
1,5,30,reproduction,1.2,1.0232034000000567,0.0,,following,1.1
1,5,31,reproduction,1.3,1.481978700000127,0.0,,reproduction,1.2
1,5,32,reproduction,1.3,1.1291016000000127,0.0,,reproduction,1.3
1,5,33,following,1.1,0.0,1.0702299999998104,1.3,reproduction,1.3
1,5,34,reproduction,1.1,1.0585166999999274,0.0,,following,1.1
1,5,35,reproduction,0.8,0.8468110000003435,0.0,,reproduction,1.1
1,5,36,following,1.4,0.0,1.3407219000000623,1.2,reproduction,0.8
1,5,37,following,1.0,0.0,0.964374399999997,1.0,following,1.4
1,5,38,following,0.8,0.0,0.8468055000003005,1.0,following,1.0
1,5,39,reproduction,1.2,1.481906900000013,0.0,,following,0.8
1,5,40,reproduction,1.3,1.7876808999999412,0.0,,reproduction,1.2
1,5,41,following,1.4,0.0,1.3760643999999047,1.0,reproduction,1.3
1,5,42,reproduction,1.3,1.7406278999997085,0.0,,following,1.4
1,5,43,reproduction,1.1,1.3643096000000696,0.0,,reproduction,1.3
1,5,44,reproduction,1.0,0.8350682999998753,0.0,,reproduction,1.1
1,5,45,following,1.3,0.0,1.2466350999998213,0.8,reproduction,1.0
1,5,46,following,1.3,0.0,1.176099100000101,1.4,following,1.3
1,5,47,reproduction,0.8,0.8938456999999289,0.0,,following,1.3
1,5,48,following,1.0,0.0,1.0114637000001494,1.1,reproduction,0.8
1,5,49,reproduction,1.4,1.481901199999811,0.0,,following,1.0
1,5,50,reproduction,1.2,1.1878885000000992,0.0,,reproduction,1.4
1,5,51,following,1.2,0.0,1.1760755999998764,0.9,reproduction,1.2
1,5,52,reproduction,1.0,0.7645213000000695,0.0,,following,1.2
1,5,53,following,1.0,0.0,0.8938757000000805,0.9,reproduction,1.0
1,5,54,following,1.2,0.0,1.0349433000001227,1.2,following,1.0
1,5,55,reproduction,1.4,1.6348281999999017,0.0,,following,1.2
1,5,56,following,1.1,0.0,1.0232072000003427,0.9,reproduction,1.4
1,6,1,following,1.3,0.0,1.1526068000002851,0.9,,
1,6,2,reproduction,1.2,1.3995523999997204,0.0,,following,1.3
1,6,3,following,0.9,0.0,0.8350666000001183,1.2,reproduction,1.2
1,6,4,reproduction,0.8,0.7762387999996463,0.0,,following,0.9
1,6,5,following,0.9,0.0,0.7056453999998666,1.2,reproduction,0.8
1,6,6,following,1.0,0.0,1.0584963999999673,1.0,following,0.9
1,6,7,following,0.9,0.0,0.8585441999998693,1.1,following,1.0
1,6,8,following,0.9,0.0,0.7997055999999247,0.8,following,0.9
1,6,9,following,1.3,0.0,1.1408292999999503,1.4,following,0.9
1,6,10,reproduction,1.3,1.5995755000003555,0.0,,following,1.3
1,6,11,following,0.9,0.0,0.8232754000000568,1.1,reproduction,1.3
1,6,12,following,1.2,0.0,1.0585036999996191,1.0,following,0.9
1,6,13,reproduction,0.9,0.9761853999998492,0.0,,following,1.2
1,6,14,reproduction,1.0,1.1643575999996756,0.0,,reproduction,0.9
1,6,15,reproduction,1.1,1.4466155999998591,0.0,,reproduction,1.0
1,6,16,reproduction,1.3,1.6818694999997206,0.0,,reproduction,1.1
1,6,17,following,1.2,0.0,1.0584616000001006,1.4,reproduction,1.3
1,6,18,reproduction,1.1,0.9761868000000504,0.0,,following,1.2
1,6,19,following,0.9,0.0,0.9409187999999632,1.0,reproduction,1.1
1,6,20,reproduction,1.4,1.4466236000002937,0.0,,following,0.9
1,6,21,reproduction,1.1,0.999709900000198,0.0,,reproduction,1.4
1,6,22,reproduction,1.4,1.8346859999996925,0.0,,reproduction,1.1
1,6,23,following,1.1,0.0,1.0232032000003528,1.4,reproduction,1.4
1,6,24,following,1.3,0.0,0.2587045000000216,0.8,following,1.1
1,6,25,following,0.8,0.0,0.8467774000000645,1.2,following,1.3
1,6,26,following,1.4,0.0,1.1525510000001304,0.8,following,0.8
1,6,27,reproduction,1.2,1.493681599999945,0.0,,following,1.4
1,6,28,reproduction,1.0,1.1996507999997448,0.0,,reproduction,1.2
1,6,29,reproduction,1.2,1.670093899999756,0.0,,reproduction,1.0
1,6,30,reproduction,1.4,1.6348029999999198,0.0,,reproduction,1.2
1,6,31,following,1.1,0.0,0.8585437000001548,1.3,reproduction,1.4
1,6,32,following,1.1,0.0,1.0820122000000083,1.3,following,1.1
1,6,33,reproduction,1.2,1.5995708999998897,0.0,,following,1.1
1,6,34,following,1.3,0.0,1.3289986999998291,1.4,reproduction,1.2
1,6,35,following,1.3,0.0,1.3289872999998806,1.2,following,1.3
1,6,36,following,1.3,0.0,1.2936848999997892,1.0,following,1.3
1,6,37,reproduction,1.1,0.8233124000003045,0.0,,following,1.3
1,6,38,following,1.1,0.0,1.093768799999907,1.1,reproduction,1.1
1,6,39,following,0.9,0.0,0.8820902000002206,1.1,following,1.1
1,6,40,reproduction,0.8,0.4822353999998086,0.0,,following,0.9
1,6,41,reproduction,1.3,1.6936040999999022,0.0,,reproduction,0.8
1,6,42,reproduction,1.4,1.458382000000256,0.0,,reproduction,1.3
1,6,43,reproduction,1.0,0.9526354000004176,0.0,,reproduction,1.4
1,6,44,reproduction,1.3,1.552466899999672,0.0,,reproduction,1.0
1,6,45,reproduction,0.8,0.8585749000003489,0.0,,reproduction,1.3
1,6,46,reproduction,0.8,0.7879915999997138,0.0,,reproduction,0.8
1,6,47,reproduction,1.0,0.799749299999803,0.0,,reproduction,0.8
1,6,48,following,1.1,0.0,1.340732200000275,0.9,reproduction,1.0
1,6,49,following,1.4,0.0,1.199582400000054,0.9,following,1.1
1,6,50,reproduction,0.9,0.8938474999999926,0.0,,following,1.4
1,6,51,reproduction,0.9,0.8350476000000526,0.0,,reproduction,0.9
1,6,52,following,1.4,0.0,1.352505900000324,0.9,reproduction,0.9
1,6,53,following,0.9,0.0,0.835014300000239,0.8,following,1.4
1,6,54,reproduction,0.9,0.6939391000000796,0.0,,following,0.9
1,6,55,following,1.3,0.0,1.458406200000354,1.3,reproduction,0.9
1,6,56,following,1.3,0.0,1.293699000000288,1.3,following,1.3
1,7,1,following,1.1,0.0,1.1525795999996262,1.0,,
1,7,2,reproduction,1.0,1.270235600000433,0.0,,following,1.1
1,7,3,reproduction,1.3,1.4583754000000226,0.0,,reproduction,1.0
1,7,4,following,1.4,0.0,1.340779300000122,1.3,reproduction,1.3
1,7,5,following,1.2,0.0,1.18788080000013,1.0,following,1.4
1,7,6,reproduction,0.8,0.7997700999999324,0.0,,following,1.2
1,7,7,reproduction,1.2,1.3996142000000873,0.0,,reproduction,0.8
1,7,8,following,1.2,0.0,1.1878467999999884,0.8,reproduction,1.2
1,7,9,following,1.4,0.0,1.1878498999999465,1.2,following,1.2
1,7,10,following,1.3,0.0,1.2466561000001093,1.1,following,1.4
1,7,11,reproduction,0.9,1.04675270000007,0.0,,following,1.3
1,7,12,reproduction,1.1,1.1173040999997284,0.0,,reproduction,0.9
1,7,13,following,1.3,0.0,1.2937646999998833,1.3,reproduction,1.1
1,7,14,reproduction,0.8,0.8115115000000515,0.0,,following,1.3
1,7,15,reproduction,1.0,1.0467411999998149,0.0,,reproduction,0.8
1,7,16,following,1.2,0.0,1.2231493999997838,0.9,reproduction,1.0
1,7,17,reproduction,1.1,0.976174699999774,0.0,,following,1.2
1,7,18,following,1.0,0.0,0.940896099999918,0.8,reproduction,1.1
1,7,19,following,1.2,0.0,1.1408046000001375,1.1,following,1.0
1,7,20,following,1.2,0.0,1.1643333000001803,0.9,following,1.2
1,7,21,following,1.3,0.0,1.317139700000098,0.8,following,1.2
1,7,22,following,1.0,0.0,1.1525907000000188,1.4,following,1.3
1,7,23,following,0.9,0.0,0.9291151000002174,1.2,following,1.0
1,7,24,reproduction,1.3,1.340777899999921,0.0,,following,0.9
1,7,25,following,1.0,0.0,1.023244099999829,1.4,reproduction,1.3
1,7,26,following,1.0,0.0,0.7997712000001229,0.9,following,1.0
1,7,27,reproduction,1.2,1.505447699999877,0.0,,following,1.0
1,7,28,reproduction,1.3,1.3878251000001,0.0,,reproduction,1.2
1,7,29,following,1.0,0.0,0.9408794999999373,0.9,reproduction,1.3
1,7,30,following,1.3,0.0,1.2584415999999692,1.1,following,1.0
1,7,31,reproduction,1.0,0.7880043000000114,0.0,,following,1.3
1,7,32,following,0.9,0.0,0.8938201999999364,1.0,reproduction,1.0
1,7,33,reproduction,1.0,0.7762540999997327,0.0,,following,0.9
1,7,34,reproduction,0.9,0.7527039999999943,0.0,,reproduction,1.0
1,7,35,reproduction,1.1,1.070287799999733,0.0,,reproduction,0.9
1,7,36,following,1.1,0.0,1.1878630000001067,1.4,reproduction,1.1
1,7,37,reproduction,1.3,1.8700686999995924,0.0,,following,1.1
1,7,38,following,1.3,0.0,1.246658699999898,1.0,reproduction,1.3
1,7,39,reproduction,0.9,0.846834200000103,0.0,,following,1.3
1,7,40,reproduction,1.4,1.5407040000000052,0.0,,reproduction,0.9
1,7,41,reproduction,1.2,1.5054457000001094,0.0,,reproduction,1.4
1,7,42,reproduction,0.9,1.0585197000000337,0.0,,reproduction,1.2
1,7,43,reproduction,1.4,1.870034200000191,0.0,,reproduction,0.9
1,7,44,following,0.9,0.0,0.9291241999999328,1.3,reproduction,1.4
1,7,45,following,1.4,0.0,1.5171645999998873,1.3,following,0.9
1,7,46,reproduction,1.4,1.7524219999995694,0.0,,following,1.4
1,7,47,following,1.0,0.0,0.999674000000141,0.8,reproduction,1.4
1,7,48,reproduction,1.4,1.6348883999999089,0.0,,following,1.0
1,7,49,following,1.4,0.0,1.340755899999749,1.2,reproduction,1.4
1,7,50,following,1.1,0.0,1.070198999999775,1.1,following,1.4
1,7,51,reproduction,0.8,0.6703722000002017,0.0,,following,1.1
1,7,52,following,1.4,0.0,1.458386000000246,1.2,reproduction,0.8
1,7,53,reproduction,1.1,0.940944699999818,0.0,,following,1.4
1,7,54,reproduction,1.2,1.0113498000000618,0.0,,reproduction,1.1
1,7,55,reproduction,0.8,1.0114765999996962,0.0,,reproduction,1.2
1,7,56,following,1.2,0.0,1.1878535999999258,1.4,reproduction,0.8
1,8,1,following,1.0,0.0,0.987926900000275,1.3,,
1,8,2,following,1.4,0.0,1.2231291000002784,1.3,following,1.0
1,8,3,reproduction,1.4,1.6348155000000588,0.0,,following,1.4
1,8,4,reproduction,1.4,2.222866900000099,0.0,,reproduction,1.4
1,8,5,reproduction,1.3,1.1643552999998974,0.0,,reproduction,1.4
1,8,6,reproduction,1.0,0.9761831999999232,0.0,,reproduction,1.3
1,8,7,reproduction,1.2,1.22317669999984,0.0,,reproduction,1.0
1,8,8,reproduction,1.0,0.8938712000003761,0.0,,reproduction,1.2
1,8,9,following,1.4,0.0,1.11730979999993,1.3,reproduction,1.0
1,8,10,reproduction,1.0,0.9526770000002216,0.0,,following,1.4
1,8,11,reproduction,0.9,0.99971000000005,0.0,,reproduction,1.0
1,8,12,following,1.3,0.0,1.3172516999998152,1.1,reproduction,0.9
1,8,13,following,1.1,0.0,0.940864799999872,1.2,following,1.3
1,8,14,following,1.4,0.0,1.3289779000001545,1.4,following,1.1
1,8,15,following,1.4,0.0,1.093723499999669,0.9,following,1.4
1,8,16,following,1.0,0.0,0.9056203000000096,0.9,following,1.4
1,8,17,reproduction,0.8,0.7762588000000505,0.0,,following,1.0
1,8,18,following,0.9,0.0,0.8467946000000666,0.8,reproduction,0.8
1,8,19,reproduction,0.8,0.7762399999996887,0.0,,following,0.9
1,8,20,following,1.1,0.0,1.011475799999971,1.2,reproduction,0.8
1,8,21,following,0.9,0.0,0.7997291000001496,1.3,following,1.1
1,8,22,following,1.4,0.0,1.5053929000000608,0.8,following,0.9
1,8,23,reproduction,1.2,1.3290287999998327,0.0,,following,1.4
1,8,24,reproduction,0.9,0.8350795000001199,0.0,,reproduction,1.2
1,8,25,following,0.8,0.0,0.8585519999996905,1.2,reproduction,0.9
1,8,26,following,0.9,0.0,0.9291338999996696,1.1,following,0.8
1,8,27,reproduction,1.3,1.4466394999999466,0.0,,following,0.9
1,8,28,following,1.1,0.0,1.0585066999997252,1.0,reproduction,1.3
1,8,29,reproduction,1.2,1.611307499999839,0.0,,following,1.1
1,8,30,following,0.9,0.0,0.7997643000003336,1.4,reproduction,1.2
1,8,31,following,1.3,0.0,1.187924799999564,0.8,following,0.9
1,8,32,reproduction,1.2,1.3172683000002507,0.0,,following,1.3
1,8,33,reproduction,1.1,0.8350411999999778,0.0,,reproduction,1.2
1,8,34,reproduction,1.3,1.8817949999997836,0.0,,reproduction,1.1
1,8,35,following,1.0,0.0,0.987907599999744,1.1,reproduction,1.3
1,8,36,following,0.9,0.0,0.9408779000000322,0.9,following,1.0
1,8,37,following,0.9,0.0,0.8703043999998954,1.4,following,0.9
1,8,38,reproduction,1.4,1.834762999999839,0.0,,following,0.9
1,8,39,following,1.4,0.0,1.1054650000000947,1.0,reproduction,1.4
1,8,40,reproduction,1.3,1.4936850000003687,0.0,,following,1.4
1,8,41,following,1.2,0.0,1.164332800000011,1.0,reproduction,1.3
1,8,42,reproduction,0.8,0.6939144999996643,0.0,,following,1.2
1,8,43,reproduction,1.1,1.281975899999907,0.0,,reproduction,0.8
1,8,44,following,1.2,0.0,1.1290784000002532,1.0,reproduction,1.1
1,8,45,following,1.3,0.0,1.2819808999997804,1.4,following,1.2
1,8,46,reproduction,1.4,1.8230015999997704,0.0,,following,1.3
1,8,47,reproduction,1.1,1.1761311999998725,0.0,,reproduction,1.4
1,8,48,reproduction,0.8,0.8115211999993335,0.0,,reproduction,1.1
1,8,49,following,1.0,0.0,0.952653199999986,0.9,reproduction,0.8
1,8,50,following,0.9,0.0,0.9056207999992694,1.2,following,1.0
1,8,51,reproduction,0.9,0.8703333000003113,0.0,,following,0.9
1,8,52,following,1.0,0.0,0.9056002999996052,0.8,reproduction,0.9
1,8,53,reproduction,1.0,0.7527393000000302,0.0,,following,1.0
1,8,54,reproduction,1.1,1.4583916999999929,0.0,,reproduction,1.0
1,8,55,reproduction,0.9,0.9056431999997584,0.0,,reproduction,1.1
1,8,56,following,1.4,0.0,1.234924499999579,1.1,reproduction,0.9
1,9,1,following,1.0,0.0,1.0231972000001406,1.4,,
1,9,2,following,0.9,0.0,0.8467552000001888,1.4,following,1.0
1,9,3,following,1.4,0.0,1.281982099999368,1.3,following,0.9
1,9,4,reproduction,1.3,1.2349437999992006,0.0,,following,1.4
1,9,5,reproduction,1.3,1.340780999999879,0.0,,reproduction,1.3
1,9,6,following,1.1,0.0,0.9526639000005162,1.2,reproduction,1.3
1,9,7,following,1.2,0.0,1.0231978000001618,1.1,following,1.1
1,9,8,following,0.9,0.0,0.8115030999997543,1.0,following,1.2
1,9,9,following,0.9,0.0,0.8114915000005567,1.0,following,0.9
1,9,10,following,1.0,0.0,0.7997399999994741,1.1,following,0.9
1,9,11,reproduction,1.2,1.5289241999998922,0.0,,following,1.0
1,9,12,following,1.1,0.0,0.8938324000000648,1.2,reproduction,1.2
1,9,13,reproduction,1.0,0.882095500000105,0.0,,following,1.1
1,9,14,following,1.3,0.0,1.1642909000001964,0.9,reproduction,1.0
1,9,15,reproduction,1.4,1.3878128000005745,0.0,,following,1.3
1,9,16,reproduction,1.4,1.5524892000003092,0.0,,reproduction,1.4
1,9,17,following,0.9,0.0,0.91734279999946,1.1,reproduction,1.4
1,9,18,following,1.4,0.0,1.1525348999994094,0.8,following,0.9
1,9,19,following,0.9,0.0,0.8821003000002747,0.8,following,1.4
1,9,20,following,1.1,0.0,1.0467254000004689,0.8,following,0.9
1,9,21,reproduction,1.1,1.164315600000009,0.0,,following,1.1
1,9,22,reproduction,1.2,1.411379900000611,0.0,,reproduction,1.1
1,9,23,following,1.1,0.0,1.081984200000079,0.9,reproduction,1.2
1,9,24,following,1.2,0.0,1.1878954000003432,1.0,following,1.1
1,9,25,following,1.4,0.0,1.2937052000006588,1.4,following,1.2
1,9,26,following,0.9,0.0,0.9879737999999634,1.3,following,1.4
1,9,27,following,0.8,0.0,0.8467866999999387,0.9,following,0.9
1,9,28,reproduction,1.4,1.4584092000004605,0.0,,following,0.8
1,9,29,reproduction,1.0,0.9291523000001688,0.0,,reproduction,1.4
1,9,30,reproduction,1.2,1.5642453000000387,0.0,,reproduction,1.0
1,9,31,reproduction,1.0,0.7879887000008239,0.0,,reproduction,1.2
1,9,32,following,1.3,0.0,1.0702460000002247,1.4,reproduction,1.0
1,9,33,reproduction,0.9,0.8233141000000614,0.0,,following,1.3
1,9,34,reproduction,0.8,0.7527203999998164,0.0,,reproduction,0.9
1,9,35,following,0.9,0.0,0.870321000000331,1.2,reproduction,0.8
1,9,36,reproduction,0.9,1.0232309000002715,0.0,,following,0.9
1,9,37,reproduction,0.9,1.2467178000006245,0.0,,reproduction,0.9
1,9,38,reproduction,1.1,1.4113492999995287,0.0,,reproduction,0.9
1,9,39,following,1.1,0.0,1.1290611000003992,1.3,reproduction,1.1
1,9,40,reproduction,1.3,1.5054399999999075,0.0,,following,1.1
1,9,41,following,1.3,0.0,1.023172900000645,1.0,reproduction,1.3
1,9,42,reproduction,0.9,0.9291447999994488,0.0,,following,1.3
1,9,43,following,0.9,0.0,0.8703008000002228,0.9,reproduction,0.9
1,9,44,reproduction,1.4,1.5995030999993105,0.0,,following,0.9
1,9,45,following,1.4,0.0,1.3995716999997967,1.3,reproduction,1.4
1,9,46,reproduction,0.8,0.8350410000002739,0.0,,following,1.4
1,9,47,reproduction,1.3,1.5642283999995923,0.0,,reproduction,0.8
1,9,48,following,1.2,0.0,1.21139470000071,1.1,reproduction,1.3
1,9,49,reproduction,1.1,1.0467390000003434,0.0,,following,1.2
1,9,50,following,1.3,0.0,1.2584174999992683,0.8,reproduction,1.1
1,9,51,reproduction,1.0,1.340815499999735,0.0,,following,1.3
1,9,52,reproduction,0.8,1.0232261999999537,0.0,,reproduction,1.0
1,9,53,reproduction,0.8,1.0467592000004515,0.0,,reproduction,0.8
1,9,54,following,1.2,0.0,1.1761069000003772,1.2,reproduction,0.8
1,9,55,reproduction,1.2,1.681800199999998,0.0,,following,1.2
1,9,56,reproduction,1.1,1.658372800000507,0.0,,reproduction,1.2
1,10,1,reproduction,1.3,1.2584393999995882,0.0,,,
1,10,2,reproduction,0.8,0.8938656999998784,0.0,,reproduction,1.3
1,10,3,reproduction,0.8,0.78802209999958,0.0,,reproduction,0.8
1,10,4,following,0.9,0.0,0.8821029000000635,1.1,reproduction,0.8
1,10,5,following,1.4,0.0,1.1525541999999405,1.0,following,0.9
1,10,6,reproduction,0.9,0.8233163999993849,0.0,,following,1.4
1,10,7,reproduction,1.1,1.1408265000000029,0.0,,reproduction,0.9
1,10,8,reproduction,1.0,0.8468384000007063,0.0,,reproduction,1.1
1,10,9,reproduction,0.9,0.8820579000002908,0.0,,reproduction,1.0
1,10,10,following,1.1,0.0,1.093797700000323,0.9,reproduction,0.9
1,10,11,reproduction,1.1,1.3525260999995226,0.0,,following,1.1
1,10,12,reproduction,1.2,1.3055023999995683,0.0,,reproduction,1.1
1,10,13,reproduction,1.4,1.4584115000006932,0.0,,reproduction,1.2
1,10,14,reproduction,1.3,1.634809199999836,0.0,,reproduction,1.4
1,10,15,following,1.4,0.0,1.3760757999998532,0.8,reproduction,1.3
1,10,16,reproduction,1.2,1.376054600000316,0.0,,following,1.4
1,10,17,following,0.9,0.0,0.9173555999996096,1.3,reproduction,1.2
1,10,18,following,1.0,0.0,0.8232656000000134,0.8,following,0.9
1,10,19,reproduction,1.0,0.8350743999999395,0.0,,following,1.0
1,10,20,following,1.0,0.0,0.9879092000001036,1.4,reproduction,1.0
1,10,21,reproduction,1.4,1.576026499999898,0.0,,following,1.0
1,10,22,reproduction,1.0,1.082021299999724,0.0,,reproduction,1.4
1,10,23,reproduction,1.3,1.2937519000006432,0.0,,reproduction,1.0
1,10,24,following,1.3,0.0,1.3054756000001362,1.4,reproduction,1.3
1,10,25,following,1.4,0.0,1.2231481999997411,1.3,following,1.3
1,10,26,following,1.3,0.0,1.1525793000000704,1.2,following,1.4
1,10,27,reproduction,1.0,1.0114573999999266,0.0,,following,1.3
1,10,28,following,1.0,0.0,0.9526460000006408,1.0,reproduction,1.0
1,10,29,reproduction,1.4,1.4348716999993485,0.0,,following,1.0
1,10,30,following,1.1,0.0,0.9761159000008774,0.9,reproduction,1.4
1,10,31,following,1.1,0.0,0.9761859999998704,0.9,following,1.1
1,10,32,following,0.9,0.0,0.8232772000001205,0.8,following,1.1
1,10,33,reproduction,1.2,0.3527130000002216,0.0,,following,0.9
1,10,34,reproduction,0.8,0.8350459000002957,0.0,,reproduction,1.2
1,10,35,reproduction,1.4,1.3878199999999197,0.0,,reproduction,0.8
1,10,36,reproduction,1.1,1.8347217000000455,0.0,,reproduction,1.4
1,10,37,following,1.2,0.0,1.1996284999995623,0.8,reproduction,1.1
1,10,38,reproduction,1.3,1.576004099999409,0.0,,following,1.2
1,10,39,reproduction,1.1,1.1298269000008077,0.0,,reproduction,1.3
1,10,40,following,1.4,0.0,1.046672999999828,1.4,reproduction,1.1
1,10,41,reproduction,0.9,0.8821124000005511,0.0,,following,1.4
1,10,42,reproduction,0.9,0.9644265999995696,0.0,,reproduction,0.9
1,10,43,reproduction,1.2,1.3055392000005668,0.0,,reproduction,0.9
1,10,44,following,1.3,0.0,1.1878772000000026,1.2,reproduction,1.2
1,10,45,following,1.1,0.0,1.0702367000003503,1.0,following,1.3
1,10,46,following,1.0,0.0,1.011464899999737,1.3,following,1.1
1,10,47,following,0.9,0.0,0.9409272000002602,0.9,following,1.0
1,10,48,following,1.1,0.0,1.152561699999751,1.1,following,0.9
1,10,49,reproduction,0.8,1.3407869000002393,0.0,,following,1.1
1,10,50,following,1.1,0.0,1.0584888000003048,1.3,reproduction,0.8
1,10,51,following,1.4,0.0,1.3642841999999291,1.4,following,1.1
1,10,52,following,0.8,0.0,0.893833000000086,1.2,following,1.4
1,10,53,following,1.3,0.0,1.281936599999426,1.1,following,0.8
1,10,54,following,1.4,0.0,1.2937487999997757,1.1,following,1.3
1,10,55,following,1.3,0.0,1.293706899999961,1.0,following,1.4
1,10,56,following,0.9,0.0,0.8232690999993793,1.2,following,1.3
